Supply Rail Rail Name,Ball(s) Position(s),Remark
NVCC_AON,L16,—
NVCC_BBSM_1P8,G12,—
NVCC_GPIO,"N15, N16",—
NVCC_SD2,R16,—
NVCC_WAKEUP,"R10, R12, W8",—
VDD_ANA_0P8,"J15, J16, R8",—
VDD_ANA_0P8,"J5, J6, R4",—
VDD_ANA_1P8,"F16, G16",—
VDD_ANA_1P8,R8,—
VDD_ANAVDET_1P8,L15,—
VDD_BBSM_0P8_CAP,G14,—
VDD_LVDS_1P8,F6,—
VDD_MIPI_1P8,F8,—
VDD_MIPI_0P8,G8,—
VDD_MIPI_1P8,F8,—
VDD_SOC,"J9, J10, J11, J12, J13, K9, K10, K12, K13, M9, M10, M12, M13, N9, N10, N11, N12, N13",—
VDD_USB_0P8,F10,—
VDD_USB_0P8,F10,—
VDD_USB_1P8,E8,—
VDD_USB_3P3,G10,—
VDD2_DDR,"L7, N6, N7, R6, T6",—
VDDQ_DDR,"G6, J6, J7, L6",—
VSS,"A1, A21, C2, C4, C6, C8, C10, C12, C14, C16, C18, E3, E19, G3, G19, H8, H10, H12, H14, J3, J5, J8, J14, J19, K11, L1, L3, L5, L8, L14, L19, M11, N3, N5, N8, N14, N19, P8, P10, P12, P14, R3, R19, T1, U3, U19, W4, W6, W10, W12, W14, W16, W18, AA1, AA21",—
